{
    "data": {
      "Id": "kitchen01",
      "Title": "Kitchen",
      "BackgroundImageUrl": "/rooms/products/kitchen/01/background.jpg",
      "RoomImageUrl": "/rooms/products/kitchen/01/room.png",
      "GlossyImageUrl": "/rooms/products/kitchen/01/glossy.jpg",
      "MattImageUrl": "/rooms/products/kitchen/01/matt.jpg",
      "Width": 1920,
      "Height": 1080,
      "SetDesign": {
        "WallAreas": [
          {
            "TileType": [
              "2"
            ],
            "Boundary": [
              [-0.34925, 0],
              [0.118, 0.268],
              [0.16475, 0.268],
              [0.18475, 0.2826666667],
              [0.18475, 0.2853333333],
              [0.18825, 0.2884444444],
              [0.18825, 0.3142222222],
              [0.19725, 0.3195555556],
              [0.4125, 0.3195555556],
              [0.4125, 0.268],
              [0.883, 0.268],
              [1.571, 0]
            ],
            "BaseWidth": 1316.64,
            "BaseHeight": 1365.29965056,
            "BottomLeft": [-0.34925, 0],
            "TopLeft": [0.19725, 0.3195555556],
            "TopRight": [0.883, 0.3195555556],
            "BottomRight": [1.571, 0],
            "OffsetX": 220,
            "OffsetY": 170,
            "TileRateWidth": 0.48034666656,
            "TileRateHeight": 0.39601220544,
            "GroutHSize": 0.5,
            "GroutVSize": 2.5,
            "GUID": "F"
          },
          {
            "TileType": [
              "3",
              "Paint"
            ],
            "BottomLeft": [0.4125, 0.268],
            "TopLeft": [0.4125, 0.7573333333],
            "TopRight": [0.83125, 0.7573333333],
            "BottomRight": [0.83125, 0.268],
            "BaseHeight": 528.48,
            "BaseWidth": 804,
            "TileRateWidth": 0.222,
            "TileRateHeight": 0.21456,
            "GUID": "M"
          },
          {
            "TileType": [
              "3",
              "Paint"
            ],
            "BottomLeft": [-0.34925, -0.01777777778],
            "TopLeft": [-0.34925, 1.073777778],
            "TopRight": [0.118, 0.7573333333],
            "BottomRight": [0.118, 0.268],
            "BaseHeight": 1178.88,
            "BaseWidth": 560.29982832,
            "OffsetX": -120,
            "TileRateWidth": 0.42868660944,
            "TileRateHeight": 0.47550081744,
            "GUID": "L"
          }
        ]
      },
      "DefinedAreas": [
        {
          "GUID": "F",
          "AreaGUID": "F",
          "BottomLeft": [0, 0],
          "TopLeft": [0, 1],
          "TopRight": [1, 1],
          "BottomRight": [1, 0],
          "NoResize": true
        }
      ]
    }
  }